{
	"format_version": "1.8.0",
	"animations": {
		"advancedloom.weavestageone": {
			"loop": "hold_on_last_frame",
			"animation_length": 2.25,
			"bones": {
				"stringfall": {
					"position": {
						"0.0": {
							"vector": [0, 0, 0]
						},
						"0.5": {
							"vector": [0, 2, 0]
						},
						"1.0": {
							"vector": [0, 5, 0]
						}
					},
					"scale": {
						"0.0": {
							"vector": [1, 1, 1]
						},
						"0.5": {
							"vector": [1, 0.6, 1]
						},
						"1.0": {
							"vector": [1, 0, 0]
						}
					}
				},
				"stringspin": {
					"rotation": {
						"0.0": {
							"vector": [0, 0, 0]
						},
						"0.4167": {
							"vector": [90, 0, 0]
						},
						"0.8333": {
							"vector": [180, 0, 0]
						},
						"1.25": {
							"vector": [270, 0, 0]
						}
					}
				},
				"stringmid": {
					"position": {
						"1.0": {
							"vector": [0, 0, 0]
						},
						"1.25": {
							"vector": [0, 1, -0.25]
						}
					},
					"scale": {
						"1.0": {
							"vector": [1, 1, 1]
						},
						"1.25": {
							"vector": [1, 0, 0]
						}
					}
				},
				"stringflat": {
					"scale": {
						"vector": [1, 1, 1]
					}
				},
				"turn": {
					"rotation": {
						"0.0": {
							"vector": [0, 0, 0]
						},
						"0.4167": {
							"vector": [90, 0, 0]
						},
						"0.8333": {
							"vector": [180, 0, 0]
						},
						"1.25": {
							"vector": [270, 0, 0]
						}
					}
				},
				"seg2": {
					"rotation": {
						"1.25": {
							"vector": [0, 0, 0]
						},
						"1.5833": {
							"vector": [14.44, 0, 0]
						},
						"1.875": {
							"vector": [32.08, 0, 0]
						},
						"2.0": {
							"vector": [32.5, 0, 0],
							"easing": "linear"
						}
					},
					"position": {
						"1.25": {
							"vector": [0, 0, 0]
						},
						"1.5833": {
							"vector": [0, 0.31, 0.69]
						},
						"1.875": {
							"vector": [0, 0.85, 0.87]
						},
						"2.0": {
							"vector": [0, 0.8, 0.8]
						}
					},
					"scale": {
						"1.25": {
							"vector": [1, 1, 1]
						},
						"1.5833": {
							"vector": [1, 1, 2.4778]
						},
						"1.875": {
							"vector": [1, 1, 3.1433]
						},
						"2.0": {
							"vector": [1, 1, 3.2]
						}
					}
				},
				"seg1": {
					"rotation": {
						"1.25": {
							"vector": [0, 0, 0]
						},
						"1.625": {
							"vector": [90, 0, 0]
						},
						"1.7917": {
							"vector": [180, 0, 0]
						},
						"2.0": {
							"vector": [270, 0, 0]
						}
					},
					"position": {
						"1.25": {
							"vector": [0, 0, 0]
						},
						"1.625": {
							"vector": [0, 2.98, -0.87]
						},
						"1.7917": {
							"vector": [0, 2.75, -1.35]
						},
						"1.875": {
							"vector": [0, 2.74, -1.8]
						},
						"1.9167": {
							"vector": [0, 2.73, -1.88]
						},
						"1.9583": {
							"vector": [0, 2.49, -1.99]
						},
						"2.0": {
							"vector": [0, 2.05, -1.9]
						}
					}
				},
				"seg3": {
					"rotation": {
						"1.25": {
							"vector": [0, 0, 0]
						},
						"1.625": {
							"vector": [90, 0, 0]
						},
						"1.75": {
							"vector": [52.5, 0, 0]
						},
						"1.8333": {
							"vector": [52.5, 0, 0]
						},
						"1.9167": {
							"vector": [76.25, 0, 0]
						},
						"1.9583": {
							"vector": [93.12, 0, 0]
						},
						"2.0": {
							"vector": [90, 0, 0]
						}
					},
					"position": {
						"1.25": {
							"vector": [0, 0, 0]
						},
						"1.625": {
							"vector": [0, 1, 1.15]
						},
						"1.75": {
							"vector": [0, 1.37, 1.45]
						},
						"1.875": {
							"vector": [0, 2.04, 1.3]
						},
						"1.9167": {
							"vector": [0, 2.26, 1.25]
						},
						"1.9583": {
							"vector": [0, 2.28, 1.2]
						},
						"2.0": {
							"vector": [0, 2.1, 1.15]
						}
					}
				},
				"seg4": {
					"rotation": {
						"1.25": {
							"vector": [0, 0, 0]
						},
						"1.625": {
							"vector": [90, 0, 0]
						},
						"2.0": {
							"vector": [180, 0, 0]
						}
					},
					"position": {
						"1.25": {
							"vector": [0, 0, 0]
						},
						"1.625": {
							"vector": [0, 2, 0.15]
						},
						"1.75": {
							"vector": [0, 2.22, 0.52]
						},
						"1.8333": {
							"vector": [0, 2.53, 0.27]
						},
						"1.875": {
							"vector": [0, 2.75, 0.01]
						},
						"1.9167": {
							"vector": [0, 2.9, -0.11]
						},
						"1.9583": {
							"vector": [0, 2.85, -0.33]
						},
						"2.0": {
							"vector": [0, 2.6, -0.35]
						}
					}
				},
				"static": {
					"position": {
						"2.0": {
							"vector": [0, 0, 0]
						},
						"2.25": {
							"vector": [0, 2.75, 0]
						}
					}
				}
			}
		},
		"advancedloom.weavestage2": {
			"loop": "hold_on_last_frame",
			"animation_length": 3,
			"bones": {
				"stringstraightener": {
					"position": {
						"1.0": {
							"vector": [0, 0, 0]
						},
						"1.25": {
							"vector": [0, 0, -3]
						},
						"1.5": {
							"vector": [0, 0, 0]
						},
						"2.5": {
							"vector": [0, 0, 0]
						},
						"2.75": {
							"vector": [0, 0, -3]
						},
						"3.0": {
							"vector": [0, 0, 0]
						}
					}
				},
				"spin": {
					"rotation": {
						"0.0": {
							"vector": [0, 0, 0]
						},
						"0.5": {
							"vector": [0, 0, -90]
						},
						"1.0": {
							"vector": [0, 0, -180]
						},
						"1.5": {
							"vector": [0, 0, -180]
						},
						"2.0": {
							"vector": [0, 0, -270]
						},
						"2.5": {
							"vector": [0, 0, -360]
						}
					}
				},
				"long": {
					"position": {
						"0.0": {
							"vector": [0, 0, 0]
						},
						"1.0": {
							"vector": [-7.35, -0.3, 0]
						},
						"1.5": {
							"vector": [-7.35, -0.3, 0]
						},
						"2.5": {
							"vector": [0, 0, 0]
						}
					},
					"scale": {
						"0.0": {
							"vector": [1, 1, 1]
						},
						"1.0": {
							"vector": [15.7, 1, 1]
						},
						"1.5": {
							"vector": [15.7, 1, 1]
						},
						"2.5": {
							"vector": [1, 1, 1]
						}
					}
				},
				"turn2": {
					"rotation": {
						"0.0": {
							"vector": [0, 0, 0]
						},
						"1.0": {
							"vector": [0, 0, -17.5]
						},
						"1.5": {
							"vector": [0, 0, -17.5]
						},
						"2.5": {
							"vector": [0, 0, 0]
						}
					},
					"position": {
						"0.0": {
							"vector": [0, 0, 0]
						},
						"1.0": {
							"vector": [0.3, 0, 0]
						},
						"1.5": {
							"vector": [0.3, 0, 0]
						},
						"2.5": {
							"vector": [0, 0, 0]
						}
					},
					"scale": {
						"0.0": {
							"vector": [1, 1, 1]
						},
						"1.0": {
							"vector": [1.2, 1, 1]
						},
						"1.5": {
							"vector": [1.2, 1, 1]
						},
						"2.5": {
							"vector": [1, 1, 1]
						}
					}
				},
				"turn3": {
					"rotation": {
						"0.0": {
							"vector": [0, 0, 0]
						},
						"1.0": {
							"vector": [0, 0, 32.5]
						},
						"1.5": {
							"vector": [0, 0, 32.5]
						},
						"2.5": {
							"vector": [0, 0, 0]
						}
					},
					"position": {
						"0.0": {
							"vector": [0, 0, 0]
						},
						"1.0": {
							"vector": [0.3, 0.15, 0]
						},
						"1.5": {
							"vector": [0.3, 0.15, 0]
						},
						"2.5": {
							"vector": [0, 0, 0]
						}
					},
					"scale": {
						"0.0": {
							"vector": [1, 1, 1]
						},
						"1.0": {
							"vector": [1.1975, 0.7075, 1]
						},
						"1.5": {
							"vector": [1.1975, 0.7075, 1]
						},
						"2.5": {
							"vector": [1, 1, 1]
						}
					}
				}
			}
		}
	},
	"geckolib_format_version": 2
}